id;data_inversa;dia_semana;horario;uf;br;km;municipio;causa_acidente;tipo_acidente;classificacao_acidente;fase_dia;sentido_via;condicao_metereologica;tipo_pista;tracado_via;uso_solo;pessoas;veiculos
120933;2018-03-25;domingo;18:40:00;SP;116;197.0;ARUJA;Desobediência às normas de trânsito pelo condutor;Colisão traseira;Com Vítimas Feridas;Anoitecer;Crescente;Céu Claro;Dupla;Reta;Não;7;3
121005;2018-03-25;domingo;23:40:00;SP;116;228.4;SAO PAULO;Desobediência às normas de trânsito pelo condutor;Colisão lateral;Com Vítimas Feridas;Plena Noite;Decrescente;Céu Claro;Múltipla;Não Informado;Sim;1;1
121128;2018-03-26;segunda-feira;14:00:00;SP;116;206.0;GUARULHOS;Avarias e/ou desgaste excessivo no pneu;Queda de ocupante de veículo;Com Vítimas Feridas;Pleno dia;Decrescente;Céu Claro;Dupla;Reta;Sim;2;1
121163;2018-03-26;segunda-feira;16:10:00;SP;116;116.0;TAUBATE;Defeito Mecânico no Veículo;Queda de ocupante de veículo;Com Vítimas Feridas;Pleno dia;Decrescente;Céu Claro;Dupla;Reta;Sim;1;1
121203;2018-03-26;segunda-feira;19:20:00;SP;116;223.0;GUARULHOS;Falta de Atenção à Condução;Engavetamento;Sem Vítimas;Plena Noite;Decrescente;Céu Claro;Múltipla;Reta;Sim;5;3
121273;2018-03-27;terça-feira;06:50:00;SP;116;211.0;GUARULHOS;Falta de Atenção à Condução;Capotamento;Com Vítimas Feridas;Pleno dia;Decrescente;Nublado;Múltipla;Reta;Sim;3;3
121291;2018-03-27;terça-feira;07:50:00;SP;116;123.1;CACAPAVA;Condutor Dormindo;Colisão com objeto estático;Com Vítimas Feridas;Pleno dia;Decrescente;Nublado;Dupla;Reta;Sim;1;1
121293;2018-03-27;terça-feira;08:00:00;SP;116;216.0;GUARULHOS;Falta de Atenção à Condução;Tombamento;Com Vítimas Feridas;Pleno dia;Crescente;Garoa/Chuvisco;Múltipla;Reta;Sim;2;2
121300;2018-03-27;terça-feira;09:42:00;SP;116;211.9;GUARULHOS;Falta de Atenção à Condução;Capotamento;Com Vítimas Feridas;Pleno dia;Crescente;Céu Claro;Múltipla;Reta;Sim;2;1
121317;2018-03-27;terça-feira;10:00:00;SP;116;227.0;GUARULHOS;Desobediência às normas de trânsito pelo condutor;Colisão lateral;Com Vítimas Feridas;Pleno dia;Crescente;Céu Claro;Múltipla;Reta;Sim;2;2
121332;2018-03-27;terça-feira;13:00:00;SP;116;225.0;GUARULHOS;Falta de Atenção à Condução;Colisão traseira;Com Vítimas Feridas;Pleno dia;Crescente;Céu Claro;Múltipla;Reta;Não;2;2
121335;2018-03-27;terça-feira;12:50:00;SP;116;220.0;GUARULHOS;Falta de Atenção à Condução;Colisão lateral;Com Vítimas Feridas;Pleno dia;Crescente;Nublado;Múltipla;Reta;Não;3;2
121536;2018-03-16;sexta-feira;19:20:00;SP;116;148.2;SAO JOSE DOS CAMPOS;Falta de Atenção à Condução;Colisão traseira;Sem Vítimas;Plena Noite;Decrescente;Céu Claro;Múltipla;Reta;Não;3;2
121554;2018-03-28;quarta-feira;11:15:00;SP;116;223.4;GUARULHOS;Desobediência às normas de trânsito pelo condutor;Colisão lateral;Com Vítimas Feridas;Pleno dia;Crescente;Céu Claro;Múltipla;Reta;Não;2;2
121707;2018-03-29;quinta-feira;04:15:00;SP;116;184.0;SANTA ISABEL;Falta de Atenção à Condução;Tombamento;Sem Vítimas;Amanhecer;Decrescente;Céu Claro;Dupla;Curva;Sim;1;1
121725;2018-03-29;quinta-feira;07:15:00;SP;116;208.0;GUARULHOS;Desobediência às normas de trânsito pelo condutor;Colisão traseira;Sem Vítimas;Pleno dia;Crescente;Céu Claro;Múltipla;Reta;Sim;1;1
121805;2018-03-29;quinta-feira;14:00:00;SP;116;222.6;GUARULHOS;Não guardar distância de segurança;Colisão lateral;Com Vítimas Feridas;Pleno dia;Crescente;Nublado;Múltipla;Reta;Sim;2;2
121806;2018-03-29;quinta-feira;14:20:00;SP;116;156.3;SAO JOSE DOS CAMPOS;Não guardar distância de segurança;Colisão lateral;Com Vítimas Feridas;Pleno dia;Crescente;Céu Claro;Dupla;Reta;Sim;2;2
121816;2018-03-29;quinta-feira;14:40:00;SP;116;121.7;CACAPAVA;Falta de Atenção do Pedestre;Atropelamento de Pedestre;Com Vítimas Feridas;Pleno dia;Crescente;Céu Claro;Dupla;Reta;Não;2;1
121822;2018-03-29;quinta-feira;15:30:00;SP;116;142.0;SAO JOSE DOS CAMPOS;Não guardar distância de segurança;Colisão traseira;Sem Vítimas;Pleno dia;Decrescente;Céu Claro;Dupla;Reta;Sim;6;6
121845;2018-03-29;quinta-feira;15:43:00;SP;116;146.3;SAO JOSE DOS CAMPOS;Defeito Mecânico no Veículo;Queda de ocupante de veículo;Com Vítimas Feridas;Pleno dia;Crescente;Céu Claro;Dupla;Desvio Temporário;Sim;2;1
121857;2018-03-29;quinta-feira;16:53:00;SP;116;227.0;SAO PAULO;Defeito Mecânico no Veículo;Queda de ocupante de veículo;Com Vítimas Feridas;Pleno dia;Decrescente;Garoa/Chuvisco;Múltipla;Não Informado;Sim;2;1
121871;2018-03-29;quinta-feira;17:40:00;SP;116;133.0;CACAPAVA;Desobediência às normas de trânsito pelo condutor;Colisão traseira;Com Vítimas Feridas;Plena Noite;Decrescente;Céu Claro;Dupla;Reta;Não;3;3
121906;2018-03-29;quinta-feira;18:30:00;SP;116;147.0;SAO JOSE DOS CAMPOS;Falta de Atenção à Condução;Colisão traseira;Sem Vítimas;Anoitecer;Decrescente;Céu Claro;Múltipla;Reta;Sim;2;2
121924;2018-03-29;quinta-feira;19:50:00;SP;116;218.0;GUARULHOS;Falta de Atenção à Condução;Colisão lateral;Com Vítimas Feridas;Plena Noite;Crescente;Céu Claro;Múltipla;Reta;Não;3;2
122224;2018-03-31;sábado;05:50:00;SP;116;228.5;SAO PAULO;Falta de Atenção à Condução;Colisão com objeto estático;Sem Vítimas;Pleno dia;Crescente;Céu Claro;Múltipla;Reta;Sim;1;1
122410;2018-04-01;domingo;00:45:00;SP;116;186.0;SAO JOSE DOS CAMPOS;Condutor Dormindo;Saída de leito carroçável;Com Vítimas Feridas;Plena Noite;Crescente;Nublado;Dupla;Desvio Temporário;Não;2;1
122621;2018-04-01;domingo;20:15:00;SP;116;212.0;GUARULHOS;Ingestão de Álcool;Colisão traseira;Sem Vítimas;Plena Noite;Crescente;Nublado;Múltipla;Reta;Não;2;2
122632;2018-04-01;domingo;21:15:00;SP;116;224.1;GUARULHOS;Desobediência às normas de trânsito pelo condutor;Colisão lateral;Com Vítimas Feridas;Plena Noite;Crescente;Chuva;Múltipla;Reta;Sim;2;2
122717;2018-04-02;segunda-feira;09:45:00;SP;116;145.0;SAO JOSE DOS CAMPOS;Não guardar distância de segurança;Colisão traseira;Com Vítimas Feridas;Pleno dia;Crescente;Sol;Dupla;Reta;Não;2;2
122725;2018-04-02;segunda-feira;10:21:00;SP;116;136.8;SAO JOSE DOS CAMPOS;Não guardar distância de segurança;Queda de ocupante de veículo;Com Vítimas Feridas;Pleno dia;Crescente;Céu Claro;Dupla;Reta;Sim;1;1
122799;2018-04-02;segunda-feira;17:15:00;SP;116;210.8;GUARULHOS;Não guardar distância de segurança;Colisão traseira;Com Vítimas Feridas;Pleno dia;Decrescente;Nublado;Múltipla;Reta;Não;2;2
122836;2018-04-02;segunda-feira;18:30:00;SP;116;146.0;SAO JOSE DOS CAMPOS;Desobediência às normas de trânsito pelo condutor;Queda de ocupante de veículo;Com Vítimas Feridas;Anoitecer;Decrescente;Nublado;Dupla;Reta;Sim;1;1
122878;2018-04-02;segunda-feira;23:07:00;SP;116;110.5;TAUBATE;Pista Escorregadia;Queda de ocupante de veículo;Com Vítimas Feridas;Plena Noite;Decrescente;Chuva;Dupla;Reta;Sim;1;1
122973;2018-03-26;segunda-feira;09:40:00;SP;116;187.5;SANTA ISABEL;Defeito Mecânico no Veículo;Colisão com objeto estático;Sem Vítimas;Pleno dia;Decrescente;Céu Claro;Dupla;Curva;Não;1;1
123088;2018-04-04;quarta-feira;07:00:00;SP;116;219.0;GUARULHOS;Falta de Atenção à Condução;Colisão lateral;Com Vítimas Feridas;Pleno dia;Crescente;Sol;Múltipla;Reta;Sim;2;2
123098;2018-04-04;quarta-feira;07:15:00;SP;116;147.0;SAO JOSE DOS CAMPOS;Não guardar distância de segurança;Colisão traseira;Com Vítimas Feridas;Pleno dia;Crescente;Nublado;Múltipla;Reta;Sim;2;2
123133;2018-04-04;quarta-feira;10:50:00;SP;116;229.0;SAO PAULO;Falta de Atenção à Condução;Colisão traseira;Com Vítimas Feridas;Pleno dia;Crescente;Céu Claro;Múltipla;Desvio Temporário;Não;2;2
123215;2018-04-04;quarta-feira;19:00:00;SP;116;227.2;SAO PAULO;Falta de Atenção à Condução;Colisão traseira;Com Vítimas Feridas;Plena Noite;Decrescente;Nublado;Múltipla;Reta;Não;3;3
123325;2018-04-05;quinta-feira;08:25:00;SP;116;210.0;GUARULHOS;Desobediência às normas de trânsito pelo condutor;Colisão traseira;Com Vítimas Feridas;Pleno dia;Crescente;Céu Claro;Múltipla;Reta;Sim;2;2
123476;2018-04-05;quinta-feira;15:40:00;SP;116;151.7;SAO JOSE DOS CAMPOS;Avarias e/ou desgaste excessivo no pneu;Tombamento;Com Vítimas Feridas;Pleno dia;Decrescente;Céu Claro;Dupla;Reta;Sim;1;1
123686;2018-04-06;sexta-feira;08:20:00;SP;116;229.0;SAO PAULO;Não guardar distância de segurança;Colisão frontal;Com Vítimas Feridas;Pleno dia;Crescente;Céu Claro;Múltipla;Reta;Sim;2;2
123781;2018-04-06;sexta-feira;11:40:00;SP;116;226.0;GUARULHOS;Não guardar distância de segurança;Colisão traseira;Com Vítimas Feridas;Pleno dia;Decrescente;Sol;Múltipla;Reta;Sim;2;2
123861;2018-04-06;sexta-feira;15:40:00;SP;116;151.0;CAJATI;Pista Escorregadia;Queda de ocupante de veículo;Com Vítimas Feridas;Pleno dia;Decrescente;Garoa/Chuvisco;Simples;Não Informado;Não;2;1
123911;2018-04-06;sexta-feira;17:48:00;SP;116;225.0;GUARULHOS;Falta de Atenção à Condução;Colisão lateral;Com Vítimas Feridas;Plena Noite;Decrescente;Nublado;Múltipla;Desvio Temporário;Sim;2;2
123944;2018-04-06;sexta-feira;18:20:00;SP;116;146.0;SAO JOSE DOS CAMPOS;Falta de Atenção à Condução;Colisão traseira;Com Vítimas Feridas;Plena Noite;Decrescente;Céu Claro;Dupla;Reta;Sim;2;2
123988;2018-04-06;sexta-feira;19:45:00;SP;116;228.0;SAO PAULO;Não guardar distância de segurança;Colisão lateral;Com Vítimas Feridas;Plena Noite;Decrescente;Nublado;Múltipla;Reta;Não;2;2
124040;2018-04-06;sexta-feira;22:45:00;SP;116;219.0;GUARULHOS;Ingestão de Álcool;Tombamento;Com Vítimas Feridas;Plena Noite;Decrescente;Céu Claro;Múltipla;Curva;Não;2;1
124061;2018-04-07;sábado;00:05:00;SP;116;107.3;TAUBATE;Não guardar distância de segurança;Colisão traseira;Com Vítimas Feridas;Plena Noite;Decrescente;Céu Claro;Dupla;Reta;Sim;1;1
124175;2018-04-07;sábado;09:04:00;SP;116;145.8;SAO JOSE DOS CAMPOS;Não guardar distância de segurança;Colisão traseira;Com Vítimas Feridas;Pleno dia;Crescente;Céu Claro;Dupla;Reta;Sim;4;4
124214;2018-04-07;sábado;12:37:00;SP;116;228.9;SAO PAULO;Falta de Atenção à Condução;Colisão traseira;Com Vítimas Fatais;Pleno dia;Crescente;Sol;Múltipla;Reta;Sim;3;2
124254;2018-04-07;sábado;12:57:00;SP;116;151.0;SAO JOSE DOS CAMPOS;Desobediência às normas de trânsito pelo condutor;Colisão transversal;Com Vítimas Feridas;Pleno dia;Crescente;Céu Claro;Múltipla;Interseção de vias;Sim;3;2
124495;2018-04-08;domingo;01:45:00;SP;116;223.0;GUARULHOS;Ingestão de Álcool;Colisão com objeto estático;Com Vítimas Fatais;Plena Noite;Decrescente;Céu Claro;Múltipla;Reta;Sim;2;1
124568;2018-04-08;domingo;06:30:00;SP;116;180.0;SAO JOSE DOS CAMPOS;Falta de Atenção à Condução;Colisão com objeto estático;Com Vítimas Feridas;Amanhecer;Decrescente;Nublado;Dupla;Reta;Não;3;1
124648;2018-04-08;domingo;12:20:00;SP;116;227.0;SAO PAULO;Não guardar distância de segurança;Colisão lateral;Com Vítimas Feridas;Pleno dia;Decrescente;Sol;Múltipla;Curva;Não;2;2
124979;2018-04-09;segunda-feira;11:40:00;SP;116;105.0;TAUBATE;Defeito Mecânico no Veículo;Tombamento;Com Vítimas Feridas;Pleno dia;Crescente;Sol;Dupla;Reta;Não;1;1
126817;2018-04-09;segunda-feira;20:40:00;SP;116;157.1;CUNHA;Falta de Atenção do Pedestre;Queda de ocupante de veículo;Com Vítimas Feridas;Plena Noite;Decrescente;Céu Claro;Dupla;Não Informado;Sim;1;1
126875;2018-04-09;segunda-feira;22:25:00;SP;116;218.0;GUARULHOS;Defeito Mecânico no Veículo;Queda de ocupante de veículo;Com Vítimas Feridas;Plena Noite;Decrescente;Céu Claro;Múltipla;Reta;Sim;1;1
126923;2018-04-10;terça-feira;01:30:00;SP;116;117.0;TAUBATE;Falta de Atenção à Condução;Colisão com objeto estático;Com Vítimas Feridas;Plena Noite;Decrescente;Céu Claro;Dupla;Reta;Sim;1;1
127020;2018-04-10;terça-feira;17:40:00;SP;116;218.6;GUARULHOS;Não guardar distância de segurança;Colisão traseira;Com Vítimas Feridas;Anoitecer;Crescente;Céu Claro;Múltipla;Reta;Não;2;2
127068;2018-04-10;terça-feira;20:50:00;SP;116;178.0;GUARAREMA;Velocidade Incompatível;Colisão com objeto estático;Com Vítimas Feridas;Plena Noite;Decrescente;Céu Claro;Dupla;Reta;Não;1;1
127300;2018-04-12;quinta-feira;07:00:00;SP;116;138.0;SAO JOSE DOS CAMPOS;Falta de Atenção à Condução;Colisão lateral;Com Vítimas Feridas;Pleno dia;Decrescente;Céu Claro;Dupla;Reta;Sim;2;2
127318;2018-04-12;quinta-feira;11:15:00;SP;116;149.1;SAO JOSE DOS CAMPOS;Falta de Atenção à Condução;Atropelamento de Pedestre;Com Vítimas Feridas;Pleno dia;Decrescente;Céu Claro;Simples;Não Informado;Não;2;2
127357;2018-04-12;quinta-feira;13:20:00;SP;116;161.8;JACAREI;Mal Súbito;Colisão com objeto estático;Com Vítimas Feridas;Pleno dia;Decrescente;Sol;Dupla;Reta;Sim;1;1
127422;2018-04-12;quinta-feira;19:50:00;SP;116;227.0;SAO PAULO;Falta de Atenção à Condução;Colisão com objeto em movimento;Com Vítimas Feridas;Plena Noite;Decrescente;Nublado;Múltipla;Reta;Não;4;4
127543;2018-04-13;sexta-feira;14:20:00;SP;116;165.0;JACAREI;Pista Escorregadia;Tombamento;Com Vítimas Feridas;Pleno dia;Crescente;Sol;Dupla;Reta;Não;1;1
127566;2018-04-12;quinta-feira;10:00:00;SP;116;159.4;JACAREI;Defeito na Via;Danos eventuais;Com Vítimas Feridas;Pleno dia;Decrescente;Céu Claro;Simples;Reta;Não;1;1
127628;2018-04-13;sexta-feira;19:10:00;SP;116;144.2;SAO JOSE DOS CAMPOS;Não guardar distância de segurança;Colisão traseira;Com Vítimas Feridas;Plena Noite;Decrescente;Céu Claro;Múltipla;Reta;Sim;3;2
127657;2018-04-13;sexta-feira;21:00:00;SP;116;193.8;SANTA ISABEL;Ingestão de Álcool;Colisão traseira;Sem Vítimas;Plena Noite;Crescente;Céu Claro;Dupla;Reta;Não;2;2
127709;2018-04-14;sábado;05:30:00;SP;116;220.7;GUARULHOS;Velocidade Incompatível;Colisão com objeto estático;Com Vítimas Fatais;Amanhecer;Decrescente;Céu Claro;Múltipla;Reta;Sim;3;1
127711;2018-04-14;sábado;05:50:00;SP;116;213.6;GUARULHOS;Condutor Dormindo;Colisão traseira;Com Vítimas Fatais;Amanhecer;Decrescente;Céu Claro;Múltipla;Reta;Sim;2;2
127724;2018-04-14;sábado;06:30:00;SP;116;186.0;MOGI DAS CRUZES;Defeito Mecânico no Veículo;Tombamento;Com Vítimas Feridas;Amanhecer;Decrescente;Nublado;Dupla;Curva;Não;1;1
127768;2018-04-14;sábado;09:40:00;SP;116;145.4;SAO JOSE DOS CAMPOS;Falta de Atenção à Condução;Colisão traseira;Com Vítimas Feridas;Pleno dia;Crescente;Céu Claro;Dupla;Não Informado;Sim;2;2
127784;2018-04-14;sábado;12:20:00;SP;116;144.0;SAO JOSE DOS CAMPOS;Falta de Atenção à Condução;Engavetamento;Sem Vítimas;Pleno dia;Crescente;Céu Claro;Dupla;Não Informado;Sim;3;3
127863;2018-04-14;sábado;18:45:00;SP;116;212.0;GUARULHOS;Falta de Atenção à Condução;Colisão traseira;Com Vítimas Feridas;Plena Noite;Decrescente;Nublado;Múltipla;Não Informado;Sim;4;3
127864;2018-04-14;sábado;19:00:00;SP;116;226.4;SAO PAULO;Não guardar distância de segurança;Colisão lateral;Com Vítimas Feridas;Plena Noite;Decrescente;Nublado;Múltipla;Reta;Não;2;2
127965;2018-04-12;quinta-feira;17:15:00;SP;116;149.0;SAO JOSE DOS CAMPOS;Falta de Atenção à Condução;Atropelamento de Pedestre;Com Vítimas Feridas;Anoitecer;Decrescente;Nublado;Dupla;Reta;Não;2;2
127966;2018-04-15;domingo;05:50:00;SP;116;116.8;TAUBATE;Falta de Atenção à Condução;Colisão traseira;Com Vítimas Feridas;Amanhecer;Crescente;Céu Claro;Dupla;Reta;Sim;4;3
128105;2018-04-15;domingo;18:45:00;SP;116;218.9;GUARULHOS;Falta de Atenção à Condução;Colisão traseira;Com Vítimas Feridas;Plena Noite;Crescente;Nublado;Múltipla;Reta;Sim;3;2
128233;2018-04-16;segunda-feira;07:30:00;SP;116;208.0;GUARULHOS;Falta de Atenção à Condução;Colisão lateral;Sem Vítimas;Pleno dia;Crescente;Nublado;Dupla;Reta;Sim;2;2
128261;2018-04-16;segunda-feira;07:15:00;SP;116;223.4;GUARULHOS;Falta de Atenção à Condução;Colisão traseira;Com Vítimas Feridas;Pleno dia;Decrescente;Garoa/Chuvisco;Múltipla;Reta;Sim;4;4
128277;2018-03-25;domingo;11:30:00;SP;116;130.0;CACAPAVA;Desobediência às normas de trânsito pelo condutor;Colisão traseira;Sem Vítimas;Pleno dia;Crescente;Sol;Dupla;Reta;Não;4;4
128384;2018-04-16;segunda-feira;20:20:00;SP;116;139.0;SAO JOSE DOS CAMPOS;Falta de Atenção à Condução;Saída de leito carroçável;Com Vítimas Feridas;Plena Noite;Crescente;Céu Claro;Dupla;Reta;Sim;1;1
128394;2018-02-23;sexta-feira;17:15:00;SP;116;218.0;GUARULHOS;Não guardar distância de segurança;Colisão traseira;Com Vítimas Feridas;Pleno dia;Crescente;Céu Claro;Múltipla;Reta;Sim;2;2
128414;2018-04-17;terça-feira;02:00:00;SP;116;103.0;PINDAMONHANGABA;Falta de Atenção à Condução;Colisão com objeto estático;Sem Vítimas;Plena Noite;Decrescente;Céu Claro;Múltipla;Reta;Não;1;1
128442;2018-04-17;terça-feira;07:20:00;SP;116;223.8;GUARULHOS;Falta de Atenção à Condução;Colisão traseira;Com Vítimas Feridas;Amanhecer;Crescente;Céu Claro;Múltipla;Reta;Sim;2;2
128499;2018-04-17;terça-feira;15:38:00;SP;116;156.2;SAO JOSE DOS CAMPOS;Defeito Mecânico no Veículo;Queda de ocupante de veículo;Com Vítimas Feridas;Pleno dia;Decrescente;Céu Claro;Dupla;Reta;Sim;2;1
128651;2018-04-18;quarta-feira;06:40:00;SP;116;209.0;GUARULHOS;Desobediência às normas de trânsito pelo condutor;Colisão lateral;Com Vítimas Feridas;Pleno dia;Crescente;Céu Claro;Múltipla;Reta;Sim;2;2
128690;2018-04-18;quarta-feira;11:10:00;SP;116;183.0;SANTA ISABEL;Falta de Atenção à Condução;Tombamento;Com Vítimas Feridas;Pleno dia;Crescente;Céu Claro;Dupla;Não Informado;Não;1;1
128749;2018-04-18;quarta-feira;17:50:00;SP;116;218.0;GUARULHOS;Falta de Atenção à Condução;Colisão frontal;Com Vítimas Feridas;Plena Noite;Decrescente;Céu Claro;Múltipla;Reta;Não;2;2
128762;2018-04-18;quarta-feira;19:30:00;SP;116;219.0;GUARULHOS;Não guardar distância de segurança;Tombamento;Com Vítimas Feridas;Plena Noite;Decrescente;Céu Claro;Múltipla;Reta;Sim;1;1
128816;2018-04-19;quinta-feira;07:10:00;SP;116;208.2;GUARULHOS;Não guardar distância de segurança;Colisão traseira;Com Vítimas Feridas;Pleno dia;Crescente;Nublado;Dupla;Reta;Não;2;2
128817;2018-04-19;quinta-feira;07:20:00;SP;116;211.2;GUARULHOS;Mal Súbito;Queda de ocupante de veículo;Com Vítimas Feridas;Amanhecer;Crescente;Céu Claro;Dupla;Reta;Sim;1;1
128845;2018-04-19;quinta-feira;09:30:00;SP;116;218.0;GUARULHOS;Defeito Mecânico no Veículo;Incêndio;Sem Vítimas;Pleno dia;Crescente;Sol;Múltipla;Reta;Sim;1;1
128940;2018-04-19;quinta-feira;12:00:00;SP;116;217.0;GUARULHOS;Falta de Atenção à Condução;Colisão lateral;Com Vítimas Feridas;Pleno dia;Decrescente;Sol;Múltipla;Reta;Sim;2;2
129028;2018-01-17;quarta-feira;20:40:00;SP;116;139.1;SAO JOSE DOS CAMPOS;Desobediência às normas de trânsito pelo condutor;Colisão frontal;Com Vítimas Feridas;Plena Noite;Crescente;Céu Claro;Dupla;Reta;Não;2;2
129225;2018-04-21;sábado;03:45:00;SP;116;222.8;GUARULHOS;Falta de Atenção à Condução;Colisão lateral;Com Vítimas Feridas;Plena Noite;Crescente;Nublado;Múltipla;Reta;Sim;3;2
129242;2018-04-21;sábado;05:15:00;SP;116;146.0;SAO JOSE DOS CAMPOS;Falta de Atenção à Condução;Colisão com objeto estático;Sem Vítimas;Amanhecer;Crescente;Nublado;Dupla;Curva;Não;1;1
129249;2018-04-21;sábado;06:30:00;SP;116;219.0;SAO JOSE DOS CAMPOS;Falta de Atenção à Condução;Colisão com objeto estático;Com Vítimas Feridas;Amanhecer;Crescente;Nublado;Múltipla;Curva;Não;2;1
129256;2018-04-21;sábado;05:30:00;SP;116;103.0;TAUBATE;Falta de Atenção à Condução;Colisão com objeto estático;Com Vítimas Feridas;Amanhecer;Crescente;Céu Claro;Dupla;Reta;Sim;1;1
129274;2018-04-21;sábado;10:11:00;SP;116;227.0;GUARULHOS;Defeito Mecânico no Veículo;Colisão traseira;Com Vítimas Feridas;Pleno dia;Decrescente;Céu Claro;Múltipla;Reta;Sim;3;2
129437;2018-04-22;domingo;01:30:00;SP;116;215.0;GUARULHOS;Desobediência às normas de trânsito pelo condutor;Capotamento;Com Vítimas Feridas;Plena Noite;Crescente;Céu Claro;Múltipla;Reta;Sim;3;1
129465;2018-04-22;domingo;05:45:00;SP;116;225.0;GUARULHOS;Falta de Atenção à Condução;Atropelamento de Pedestre;Com Vítimas Feridas;Amanhecer;Crescente;Céu Claro;Múltipla;Reta;Sim;3;2
129477;2018-04-22;domingo;06:30:00;SP;116;208.8;GUARULHOS;Ingestão de Álcool;Colisão traseira;Com Vítimas Feridas;Pleno dia;Crescente;Céu Claro;Dupla;Reta;Sim;3;2
129584;2018-04-22;domingo;17:50:00;SP;116;151.7;SAO JOSE DOS CAMPOS;Falta de Atenção à Condução;Colisão com objeto estático;Com Vítimas Feridas;Pleno dia;Crescente;Céu Claro;Dupla;Reta;Sim;1;1
129604;2018-04-22;domingo;18:30:00;SP;116;219.0;GUARULHOS;Não guardar distância de segurança;Engavetamento;Sem Vítimas;Plena Noite;Decrescente;Céu Claro;Múltipla;Reta;Não;3;3
129738;2018-04-23;segunda-feira;07:53:00;SP;116;223.0;GUARULHOS;Não guardar distância de segurança;Colisão traseira;Com Vítimas Feridas;Pleno dia;Crescente;Céu Claro;Múltipla;Reta;Sim;3;2
129766;2018-04-23;segunda-feira;10:40:00;SP;116;186.0;SANTA ISABEL;Objeto estático sobre o leito carroçável;Colisão com objeto estático;Com Vítimas Feridas;Pleno dia;Decrescente;Sol;Dupla;Retorno Regulamentado;Não;1;1
129772;2018-04-23;segunda-feira;11:00:00;SP;116;140.2;SAO JOSE DOS CAMPOS;Avarias e/ou desgaste excessivo no pneu;Tombamento;Com Vítimas Feridas;Pleno dia;Crescente;Céu Claro;Dupla;Reta;Sim;1;1
129798;2018-04-23;segunda-feira;16:00:00;SP;116;126.8;CACAPAVA;Não guardar distância de segurança;Colisão traseira;Com Vítimas Feridas;Pleno dia;Decrescente;Céu Claro;Dupla;Reta;Sim;3;2
129892;2018-04-24;terça-feira;06:15:00;SP;116;148.3;SAO JOSE DOS CAMPOS;Desobediência às normas de trânsito pelo condutor;Colisão frontal;Com Vítimas Fatais;Amanhecer;Decrescente;Nevoeiro/Neblina;Múltipla;Reta;Sim;2;2
129953;2018-04-24;terça-feira;10:00:00;SP;116;151.4;SAO JOSE DOS CAMPOS;Falta de Atenção à Condução;Colisão traseira;Com Vítimas Feridas;Pleno dia;Decrescente;Céu Claro;Dupla;Reta;Sim;3;2
130008;2018-04-24;terça-feira;19:00:00;SP;116;212.0;GUARULHOS;Falta de Atenção à Condução;Colisão lateral;Com Vítimas Feridas;Plena Noite;Decrescente;Céu Claro;Múltipla;Reta;Sim;3;2
130091;2018-04-25;quarta-feira;08:10:00;SP;116;219.0;GUARULHOS;Desobediência às normas de trânsito pelo condutor;Colisão traseira;Com Vítimas Feridas;Amanhecer;Crescente;Céu Claro;Múltipla;Reta;Sim;3;3
130286;2018-03-29;quinta-feira;07:40:00;SP;116;220.2;GUARULHOS;Não guardar distância de segurança;Colisão lateral;Com Vítimas Feridas;Pleno dia;Crescente;Nublado;Múltipla;Reta;Não;3;3