id;data_inversa;dia_semana;horario;uf;br;km;municipio;causa_acidente;tipo_acidente;classificacao_acidente;fase_dia;sentido_via;condicao_metereologica;tipo_pista;tracado_via;uso_solo;pessoas;veiculos
130317;2018-04-26;quinta-feira;14:00:00;SP;116;108.3;TAUBATE;Defeito Mecânico no Veículo;Tombamento;Com Vítimas Feridas;Pleno dia;Crescente;Céu Claro;Dupla;Reta;Sim;2;1
130414;2018-04-26;quinta-feira;22:00:00;SP;116;179.9;GUARAREMA;Falta de Atenção do Pedestre;Atropelamento de Pedestre;Com Vítimas Fatais;Plena Noite;Crescente;Céu Claro;Dupla;Reta;Não;2;1
130433;2018-04-27;sexta-feira;00:37:00;SP;116;146.7;SAO JOSE DOS CAMPOS;Falta de Atenção à Condução;Colisão com objeto estático;Com Vítimas Feridas;Plena Noite;Decrescente;Céu Claro;Simples;Não Informado;Sim;1;1
130496;2018-04-27;sexta-feira;10:30:00;SP;116;106.0;TAUBATE;Avarias e/ou desgaste excessivo no pneu;Queda de ocupante de veículo;Com Vítimas Feridas;Pleno dia;Decrescente;Sol;Dupla;Reta;Sim;2;1
130556;2018-04-27;sexta-feira;16:20:00;SP;116;226.8;GUARULHOS;Falta de Atenção à Condução;Colisão lateral;Com Vítimas Feridas;Pleno dia;Decrescente;Céu Claro;Múltipla;Reta;Sim;2;1
130668;2018-04-28;sábado;01:30:00;SP;116;219.3;GUARULHOS;Falta de Atenção à Condução;Colisão traseira;Sem Vítimas;Plena Noite;Crescente;Nublado;Múltipla;Reta;Não;2;2
130723;2018-04-28;sábado;06:50:00;SP;116;143.0;SAO JOSE DOS CAMPOS;Falta de Atenção à Condução;Colisão traseira;Com Vítimas Feridas;Pleno dia;Decrescente;Sol;Dupla;Reta;Sim;9;6
130765;2018-04-28;sábado;12:45:00;SP;116;123.0;CACAPAVA;Desobediência às normas de trânsito pelo condutor;Colisão traseira;Com Vítimas Feridas;Pleno dia;Decrescente;Sol;Dupla;Reta;Não;3;2
130766;2018-04-28;sábado;12:40:00;SP;116;123.0;CACAPAVA;Falta de Atenção à Condução;Colisão com objeto estático;Com Vítimas Feridas;Pleno dia;Decrescente;Céu Claro;Dupla;Reta;Não;2;1
130805;2018-04-28;sábado;15:40:00;SP;116;222.0;GUARULHOS;Falta de Atenção à Condução;Colisão traseira;Com Vítimas Feridas;Pleno dia;Crescente;Sol;Múltipla;Reta;Sim;2;2
130896;2018-04-29;domingo;00:30:00;SP;116;218.0;GUARULHOS;Falta de Atenção à Condução;Tombamento;Com Vítimas Feridas;Plena Noite;Crescente;Céu Claro;Múltipla;Reta;Sim;2;1
130900;2018-04-29;domingo;01:50:00;SP;116;107.0;TAUBATE;Restrição de Visibilidade;Colisão com objeto estático;Com Vítimas Feridas;Plena Noite;Decrescente;Céu Claro;Dupla;Reta;Não;1;1
130966;2018-04-29;domingo;10:20:00;SP;116;104.9;TAUBATE;Não guardar distância de segurança;Colisão traseira;Com Vítimas Feridas;Pleno dia;Decrescente;Sol;Dupla;Reta;Não;3;1
130975;2018-04-25;quarta-feira;19:50:00;SP;116;189.4;SANTA ISABEL;Sinalização da via insuficiente ou inadequada;Saída de leito carroçável;Sem Vítimas;Plena Noite;Decrescente;Céu Claro;Dupla;Não Informado;Não;1;1
130982;2018-04-29;domingo;12:50:00;SP;116;216.3;GUARULHOS;Não guardar distância de segurança;Colisão com objeto estático;Com Vítimas Feridas;Pleno dia;Decrescente;Céu Claro;Múltipla;Reta;Sim;1;1
131102;2018-04-29;domingo;23:00:00;SP;116;208.0;GUARULHOS;Ingestão de Álcool;Colisão com objeto estático;Sem Vítimas;Plena Noite;Crescente;Céu Claro;Dupla;Reta;Sim;1;1
131181;2018-04-30;segunda-feira;12:20:00;SP;116;220.3;GUARULHOS;Não guardar distância de segurança;Colisão traseira;Com Vítimas Feridas;Pleno dia;Crescente;Sol;Múltipla;Reta;Não;3;3
131209;2018-04-30;segunda-feira;14:50:00;SP;116;158.5;JACAREI;Não guardar distância de segurança;Colisão traseira;Com Vítimas Feridas;Pleno dia;Decrescente;Sol;Dupla;Reta;Não;1;1
131210;2018-04-30;segunda-feira;15:40:00;SP;116;215.2;GUARULHOS;Falta de Atenção à Condução;Colisão com objeto estático;Com Vítimas Feridas;Pleno dia;Decrescente;Céu Claro;Múltipla;Reta;Sim;2;1
131299;2018-05-01;terça-feira;02:35:00;SP;116;204.0;ARUJA;Falta de Atenção à Condução;Colisão com objeto estático;Sem Vítimas;Plena Noite;Decrescente;Céu Claro;Múltipla;Reta;Não;2;1
131314;2018-05-01;terça-feira;06:30:00;SP;116;209.5;GUARULHOS;Não guardar distância de segurança;Colisão traseira;Sem Vítimas;Pleno dia;Decrescente;Sol;Dupla;Reta;Não;2;2
131473;2018-05-01;terça-feira;23:50:00;SP;116;226.7;GUARULHOS;Falta de Atenção à Condução;Colisão lateral;Sem Vítimas;Plena Noite;Decrescente;Céu Claro;Múltipla;Reta;Sim;2;2
131477;2018-05-02;quarta-feira;01:15:00;SP;116;134.0;CACAPAVA;Falta de Atenção à Condução;Colisão com objeto estático;Com Vítimas Feridas;Plena Noite;Decrescente;Céu Claro;Dupla;Reta;Sim;3;1
131510;2018-05-02;quarta-feira;07:45:00;SP;116;207.0;GUARULHOS;Falta de Atenção à Condução;Colisão com objeto em movimento;Com Vítimas Feridas;Pleno dia;Crescente;Nublado;Múltipla;Reta;Não;2;2
131555;2018-05-02;quarta-feira;12:30:00;SP;116;220.0;GUARULHOS;Falta de Atenção à Condução;Colisão traseira;Com Vítimas Feridas;Pleno dia;Crescente;Céu Claro;Simples;Reta;Sim;3;2
131667;2018-05-02;quarta-feira;22:00:00;SP;116;225.0;GUARULHOS;Falta de Atenção à Condução;Colisão com objeto em movimento;Com Vítimas Feridas;Plena Noite;Decrescente;Nublado;Múltipla;Reta;Não;2;2
131725;2018-05-03;quinta-feira;10:25:00;SP;116;133.5;CACAPAVA;Falta de Atenção à Condução;Colisão traseira;Sem Vítimas;Pleno dia;Crescente;Sol;Dupla;Reta;Não;2;2
131796;2018-05-03;quinta-feira;17:40:00;SP;116;229.0;SAO PAULO;Falta de Atenção à Condução;Colisão com objeto estático;Com Vítimas Feridas;Anoitecer;Decrescente;Céu Claro;Múltipla;Reta;Não;1;1
131912;2018-05-04;sexta-feira;08:12:00;SP;116;219.0;GUARULHOS;Falta de Atenção à Condução;Colisão traseira;Com Vítimas Feridas;Pleno dia;Crescente;Céu Claro;Múltipla;Reta;Sim;2;2
131972;2018-05-04;sexta-feira;13:18:00;SP;116;135.5;SAO JOSE DOS CAMPOS;Falta de Atenção à Condução;Capotamento;Sem Vítimas;Pleno dia;Crescente;Céu Claro;Dupla;Reta;Não;1;1
132099;2018-05-04;sexta-feira;23:50:00;SP;116;211.0;GUARULHOS;Defeito Mecânico no Veículo;Colisão traseira;Com Vítimas Feridas;Plena Noite;Decrescente;Céu Claro;Múltipla;Reta;Sim;6;2
132103;2018-05-05;sábado;00:50:00;SP;116;220.4;GUARULHOS;Falta de Atenção à Condução;Tombamento;Com Vítimas Feridas;Plena Noite;Crescente;Nublado;Múltipla;Reta;Sim;1;1
132105;2018-05-05;sábado;01:20:00;SP;116;154.8;SAO JOSE DOS CAMPOS;Falta de Atenção à Condução;Colisão com objeto estático;Com Vítimas Feridas;Plena Noite;Decrescente;Céu Claro;Dupla;Reta;Sim;4;4
132158;2018-05-05;sábado;08:00:00;SP;116;133.0;CACAPAVA;Falta de Atenção à Condução;Capotamento;Sem Vítimas;Pleno dia;Crescente;Sol;Dupla;Reta;Sim;1;1
132159;2018-05-05;sábado;09:35:00;SP;116;224.0;GUARULHOS;Mal Súbito;Saída de leito carroçável;Com Vítimas Feridas;Pleno dia;Decrescente;Sol;Múltipla;Reta;Sim;1;1
132285;2018-05-05;sábado;20:45:00;SP;116;229.0;SAO PAULO;Defeito Mecânico no Veículo;Incêndio;Sem Vítimas;Plena Noite;Decrescente;Céu Claro;Múltipla;Reta;Sim;1;1
132484;2018-05-06;domingo;21:25:00;SP;116;145.9;SAO JOSE DOS CAMPOS;Falta de Atenção à Condução;Colisão lateral;Com Vítimas Feridas;Plena Noite;Decrescente;Céu Claro;Dupla;Não Informado;Sim;1;1
132667;2018-05-07;segunda-feira;17:40:00;SP;116;148.3;SAO JOSE DOS CAMPOS;Falta de Atenção à Condução;Colisão traseira;Com Vítimas Feridas;Plena Noite;Decrescente;Céu Claro;Dupla;Reta;Sim;2;2
132698;2018-05-07;segunda-feira;17:45:00;SP;116;224.4;GUARULHOS;Não guardar distância de segurança;Colisão lateral;Com Vítimas Feridas;Anoitecer;Decrescente;Céu Claro;Múltipla;Reta;Sim;2;2
132805;2018-05-06;domingo;07:10:00;SP;116;210.1;GUARULHOS;Falta de Atenção à Condução;Colisão traseira;Sem Vítimas;Pleno dia;Decrescente;Nublado;Múltipla;Reta;Sim;2;2
132811;2018-05-08;terça-feira;11:00:00;SP;116;212.0;GUARULHOS;Falta de Atenção à Condução;Colisão traseira;Com Vítimas Feridas;Pleno dia;Decrescente;Céu Claro;Múltipla;Reta;Sim;2;2
132821;2018-05-08;terça-feira;12:05:00;SP;116;112.0;TAUBATE;Objeto estático sobre o leito carroçável;Queda de ocupante de veículo;Com Vítimas Feridas;Pleno dia;Crescente;Nublado;Dupla;Reta;Sim;1;1
132874;2018-05-08;terça-feira;17:00:00;SP;116;227.0;SAO PAULO;Não guardar distância de segurança;Colisão traseira;Com Vítimas Feridas;Pleno dia;Decrescente;Nublado;Múltipla;Reta;Sim;2;2
132906;2018-05-08;terça-feira;18:10:00;SP;116;157.0;SAO JOSE DOS CAMPOS;Não guardar distância de segurança;Engavetamento;Com Vítimas Feridas;Plena Noite;Decrescente;Céu Claro;Dupla;Reta;Não;5;4
132985;2018-05-09;quarta-feira;08:35:00;SP;116;223.0;GUARULHOS;Não guardar distância de segurança;Colisão traseira;Com Vítimas Feridas;Pleno dia;Decrescente;Céu Claro;Múltipla;Reta;Sim;3;2
132986;2018-05-09;quarta-feira;08:23:00;SP;116;229.4;SAO PAULO;Falta de Atenção à Condução;Colisão traseira;Com Vítimas Feridas;Pleno dia;Crescente;Céu Claro;Múltipla;Reta;Sim;2;2
133052;2018-03-05;segunda-feira;08:20:00;SP;116;154.0;SAO JOSE DOS CAMPOS;Desobediência às normas de trânsito pelo condutor;Colisão com objeto estático;Sem Vítimas;Pleno dia;Crescente;Sol;Múltipla;Reta;Não;1;1
133089;2018-05-09;quarta-feira;18:15:00;SP;116;150.0;SAO JOSE DOS CAMPOS;Falta de Atenção à Condução;Colisão frontal;Com Vítimas Feridas;Plena Noite;Crescente;Céu Claro;Múltipla;Reta;Sim;2;2
133151;2018-05-10;quinta-feira;01:20:00;SP;116;155.3;SAO JOSE DOS CAMPOS;Objeto estático sobre o leito carroçável;Colisão com objeto estático;Com Vítimas Feridas;Plena Noite;Decrescente;Céu Claro;Dupla;Desvio Temporário;Não;3;1
133191;2018-05-10;quinta-feira;06:00:00;SP;116;223.2;GUARULHOS;Não guardar distância de segurança;Colisão traseira;Com Vítimas Feridas;Pleno dia;Crescente;Céu Claro;Múltipla;Reta;Sim;3;2
133391;2018-05-11;sexta-feira;08:05:00;SP;116;218.0;GUARULHOS;Falta de Atenção à Condução;Colisão traseira;Com Vítimas Feridas;Pleno dia;Crescente;Sol;Múltipla;Reta;Sim;3;2
133420;2018-05-11;sexta-feira;09:20:00;SP;116;131.2;CACAPAVA;Avarias e/ou desgaste excessivo no pneu;Tombamento;Com Vítimas Feridas;Pleno dia;Decrescente;Céu Claro;Dupla;Reta;Não;1;1
133448;2018-05-11;sexta-feira;13:30:00;SP;116;219.0;GUARULHOS;Pista Escorregadia;Tombamento;Com Vítimas Feridas;Pleno dia;Crescente;Céu Claro;Múltipla;Curva;Não;1;1
133486;2018-05-11;sexta-feira;15:30:00;SP;116;116.5;TAUBATE;Falta de Atenção à Condução;Colisão traseira;Com Vítimas Feridas;Pleno dia;Decrescente;Sol;Dupla;Reta;Não;2;2
133497;2018-05-11;sexta-feira;17:00:00;SP;116;227.0;GUARULHOS;Desobediência às normas de trânsito pelo condutor;Colisão traseira;Com Vítimas Feridas;Pleno dia;Decrescente;Céu Claro;Múltipla;Reta;Sim;2;2
133522;2018-05-11;sexta-feira;18:30:00;SP;116;219.0;GUARULHOS;Pista Escorregadia;Tombamento;Com Vítimas Feridas;Anoitecer;Decrescente;Céu Claro;Múltipla;Reta;Não;4;2
133544;2018-05-11;sexta-feira;19:00:00;SP;116;209.0;GUARULHOS;Defeito Mecânico no Veículo;Colisão traseira;Sem Vítimas;Plena Noite;Decrescente;Céu Claro;Múltipla;Reta;Sim;2;2
133561;2018-05-11;sexta-feira;19:55:00;SP;116;225.9;GUARULHOS;Ingestão de Álcool;Colisão lateral;Sem Vítimas;Plena Noite;Decrescente;Nublado;Múltipla;Reta;Sim;2;2
133623;2018-05-12;sábado;04:30:00;SP;116;219.0;GUARULHOS;Condutor Dormindo;Colisão com objeto estático;Com Vítimas Feridas;Plena Noite;Crescente;Nublado;Dupla;Reta;Não;2;1
133860;2018-05-13;domingo;03:45:00;SP;116;218.6;GUARULHOS;Falta de Atenção à Condução;Colisão com objeto estático;Sem Vítimas;Plena Noite;Decrescente;Nublado;Múltipla;Curva;Sim;1;1
133978;2018-05-13;domingo;13:05:00;SP;116;145.3;SAO JOSE DOS CAMPOS;Não guardar distância de segurança;Colisão traseira;Com Vítimas Feridas;Pleno dia;Crescente;Céu Claro;Múltipla;Reta;Sim;2;2
134063;2018-05-13;domingo;18:10:00;SP;116;219.0;GUARULHOS;Falta de Atenção à Condução;Queda de ocupante de veículo;Com Vítimas Feridas;Plena Noite;Crescente;Céu Claro;Múltipla;Reta;Sim;2;1
134103;2018-05-13;domingo;19:10:00;SP;116;217.0;GUARULHOS;Não guardar distância de segurança;Colisão traseira;Com Vítimas Feridas;Plena Noite;Crescente;Céu Claro;Múltipla;Reta;Não;4;2
134153;2018-05-13;domingo;21:25:00;SP;116;223.0;GUARULHOS;Não guardar distância de segurança;Engavetamento;Com Vítimas Feridas;Plena Noite;Crescente;Céu Claro;Múltipla;Reta;Sim;6;3
134165;2018-05-13;domingo;22:40:00;SP;116;212.0;GUARULHOS;Velocidade Incompatível;Colisão com objeto estático;Com Vítimas Feridas;Plena Noite;Crescente;Céu Claro;Múltipla;Reta;Sim;2;1
134176;2018-05-14;segunda-feira;00:04:00;SP;116;145.8;SAO JOSE DOS CAMPOS;Falta de Atenção à Condução;Colisão com objeto estático;Com Vítimas Feridas;Plena Noite;Crescente;Céu Claro;Dupla;Reta;Sim;1;1
134180;2018-05-13;domingo;23:40:00;SP;116;145.6;SAO JOSE DOS CAMPOS;Ingestão de Álcool;Colisão traseira;Sem Vítimas;Plena Noite;Crescente;Nublado;Dupla;Reta;Não;2;2
134246;2018-04-06;sexta-feira;06:50:00;SP;116;227.1;GUARULHOS;Falta de Atenção à Condução;Colisão traseira;Com Vítimas Feridas;Pleno dia;Crescente;Sol;Múltipla;Reta;Sim;3;3
134351;2018-05-14;segunda-feira;18:05:00;SP;116;153.3;SAO JOSE DOS CAMPOS;Desobediência às normas de trânsito pelo condutor;Colisão traseira;Com Vítimas Feridas;Plena Noite;Decrescente;Céu Claro;Dupla;Reta;Sim;4;2
134363;2018-05-14;segunda-feira;18:30:00;SP;116;213.0;GUARULHOS;Defeito Mecânico no Veículo;Tombamento;Com Vítimas Feridas;Plena Noite;Decrescente;Nublado;Múltipla;Reta;Sim;2;1
134550;2018-05-15;terça-feira;19:00:00;SP;116;229.0;SAO PAULO;Falta de Atenção à Condução;Colisão traseira;Com Vítimas Feridas;Plena Noite;Decrescente;Nublado;Múltipla;Reta;Não;2;2
134613;2018-05-16;quarta-feira;05:12:00;SP;116;146.5;SAO JOSE DOS CAMPOS;Falta de Atenção à Condução;Tombamento;Com Vítimas Feridas;Amanhecer;Decrescente;Céu Claro;Dupla;Reta;Sim;1;1
134623;2018-05-16;quarta-feira;07:45:00;SP;116;156.9;SAO JOSE DOS CAMPOS;Falta de Atenção à Condução;Atropelamento de Pedestre;Com Vítimas Feridas;Pleno dia;Decrescente;Céu Claro;Dupla;Não Informado;Não;2;1
134629;2018-05-16;quarta-feira;07:40:00;SP;116;212.0;GUARULHOS;Não guardar distância de segurança;Engavetamento;Com Vítimas Feridas;Pleno dia;Decrescente;Céu Claro;Múltipla;Reta;Sim;8;3
134637;2018-05-16;quarta-feira;08:30:00;SP;116;144.6;SAO JOSE DOS CAMPOS;Falta de Atenção à Condução;Colisão lateral;Com Vítimas Feridas;Pleno dia;Crescente;Nublado;Dupla;Reta;Sim;2;2
134657;2018-05-02;quarta-feira;06:10:00;SP;116;223.0;GUARULHOS;Falta de Atenção à Condução;Colisão lateral;Com Vítimas Feridas;Pleno dia;Crescente;Céu Claro;Múltipla;Reta;Sim;3;3
134673;2018-05-16;quarta-feira;12:00:00;SP;116;217.0;GUARULHOS;Não guardar distância de segurança;Colisão lateral;Com Vítimas Feridas;Pleno dia;Decrescente;Sol;Múltipla;Reta;Sim;3;2
134693;2018-05-16;quarta-feira;14:10:00;SP;116;215.7;GUARULHOS;Falta de Atenção à Condução;Tombamento;Com Vítimas Feridas;Pleno dia;Crescente;Nublado;Múltipla;Reta;Sim;2;1
134829;2018-05-17;quinta-feira;07:15:00;SP;116;143.6;SAO JOSE DOS CAMPOS;Falta de Atenção à Condução;Engavetamento;Com Vítimas Feridas;Pleno dia;Crescente;Nublado;Dupla;Reta;Sim;6;5
135002;2018-05-18;sexta-feira;07:07:00;SP;116;219.0;GUARULHOS;Falta de Atenção à Condução;Colisão traseira;Com Vítimas Feridas;Pleno dia;Crescente;Céu Claro;Múltipla;Reta;Sim;2;2
135007;2018-05-18;sexta-feira;08:00:00;SP;116;219.0;GUARULHOS;Falta de Atenção à Condução;Colisão com objeto em movimento;Com Vítimas Feridas;Pleno dia;Crescente;Nublado;Múltipla;Reta;Não;2;2
135083;2018-05-18;sexta-feira;16:00:00;SP;116;225.0;GUARULHOS;Objeto estático sobre o leito carroçável;Colisão com objeto estático;Com Vítimas Feridas;Pleno dia;Decrescente;Céu Claro;Múltipla;Reta;Não;1;1
135197;2018-05-19;sábado;03:55:00;SP;116;218.0;GUARULHOS;Falta de Atenção à Condução;Capotamento;Com Vítimas Feridas;Plena Noite;Crescente;Nublado;Dupla;Reta;Não;1;1
135323;2018-05-19;sábado;16:30:00;SP;116;213.0;GUARULHOS;Ingestão de Álcool;Colisão com objeto estático;Com Vítimas Feridas;Pleno dia;Decrescente;Nublado;Múltipla;Reta;Sim;2;2
135382;2018-05-19;sábado;22:10:00;SP;116;210.0;GUARULHOS;Ingestão de Álcool;Colisão traseira;Sem Vítimas;Plena Noite;Decrescente;Céu Claro;Múltipla;Reta;Sim;3;3
135401;2018-05-20;domingo;00:30:00;SP;116;204.0;ARUJA;Condutor Dormindo;Colisão com objeto estático;Com Vítimas Feridas;Plena Noite;Decrescente;Nublado;Dupla;Reta;Não;4;3
135442;2018-05-20;domingo;05:30:00;SP;116;140.5;SAO JOSE DOS CAMPOS;Falta de Atenção à Condução;Colisão traseira;Com Vítimas Feridas;Amanhecer;Crescente;Céu Claro;Dupla;Reta;Sim;3;2
135488;2018-05-20;domingo;11:00:00;SP;116;215.0;GUARULHOS;Falta de Atenção à Condução;Colisão com objeto estático;Sem Vítimas;Pleno dia;Decrescente;Sol;Múltipla;Reta;Sim;1;1
135661;2018-05-21;segunda-feira;07:20:00;SP;116;219.0;GUARULHOS;Não guardar distância de segurança;Colisão lateral;Com Vítimas Feridas;Amanhecer;Crescente;Sol;Múltipla;Reta;Sim;2;2
135683;2018-05-21;segunda-feira;07:40:00;SP;116;162.0;JACAREI;Falta de Atenção à Condução;Colisão lateral;Com Vítimas Feridas;Pleno dia;Decrescente;Céu Claro;Dupla;Reta;Sim;2;2
135786;2018-05-21;segunda-feira;22:10:00;SP;116;214.0;GUARULHOS;Não guardar distância de segurança;Colisão traseira;Com Vítimas Feridas;Plena Noite;Decrescente;Céu Claro;Múltipla;Reta;Não;2;2
135797;2018-05-22;terça-feira;01:30:00;SP;116;191.9;SANTA ISABEL;Defeito Mecânico no Veículo;Saída de leito carroçável;Com Vítimas Feridas;Plena Noite;Crescente;Céu Claro;Dupla;Curva;Não;2;1
135838;2018-05-22;terça-feira;09:20:00;SP;116;209.5;GUARULHOS;Não guardar distância de segurança;Colisão traseira;Com Vítimas Feridas;Pleno dia;Crescente;Céu Claro;Dupla;Reta;Sim;2;2
136060;2018-05-23;quarta-feira;18:40:00;SP;116;228.0;SAO PAULO;Falta de Atenção à Condução;Colisão lateral;Com Vítimas Feridas;Plena Noite;Crescente;Nublado;Dupla;Reta;Não;1;1
136110;2018-05-23;quarta-feira;23:00:00;SP;116;212.0;GUARULHOS;Falta de Atenção à Condução;Tombamento;Com Vítimas Feridas;Plena Noite;Decrescente;Céu Claro;Múltipla;Reta;Sim;1;1
136226;2018-05-24;quinta-feira;18:20:00;SP;116;215.0;GUARULHOS;Não guardar distância de segurança;Colisão traseira;Com Vítimas Feridas;Plena Noite;Decrescente;Céu Claro;Múltipla;Reta;Não;2;2
136267;2018-05-25;sexta-feira;03:30:00;SP;116;155.0;SAO JOSE DOS CAMPOS;Ingestão de Álcool;Colisão traseira;Com Vítimas Feridas;Plena Noite;Crescente;Nublado;Dupla;Reta;Não;3;2
136281;2018-05-25;sexta-feira;07:43:00;SP;116;210.1;GUARULHOS;Falta de Atenção à Condução;Colisão lateral;Com Vítimas Feridas;Pleno dia;Crescente;Céu Claro;Dupla;Reta;Sim;2;2
136335;2018-05-25;sexta-feira;16:20:00;SP;116;214.0;GUARULHOS;Falta de Atenção à Condução;Colisão traseira;Com Vítimas Feridas;Pleno dia;Decrescente;Céu Claro;Múltipla;Túnel;Sim;2;2
136353;2018-05-25;sexta-feira;16:30:00;SP;116;210.0;GUARULHOS;Falta de Atenção à Condução;Colisão lateral;Com Vítimas Feridas;Pleno dia;Crescente;Sol;Dupla;Curva;Sim;3;2
136361;2018-05-25;sexta-feira;19:55:00;SP;116;129.4;CACAPAVA;Não guardar distância de segurança;Colisão traseira;Com Vítimas Feridas;Plena Noite;Crescente;Céu Claro;Dupla;Reta;Sim;2;2
136386;2018-05-25;sexta-feira;17:35:00;SP;116;223.0;GUARULHOS;Não guardar distância de segurança;Colisão traseira;Com Vítimas Feridas;Anoitecer;Decrescente;Céu Claro;Múltipla;Reta;Sim;3;2
136412;2018-05-11;sexta-feira;07:05:00;SP;116;222.0;GUARULHOS;Falta de Atenção à Condução;Colisão traseira;Com Vítimas Feridas;Pleno dia;Crescente;Ignorado;Múltipla;Reta;Sim;2;2
136456;2018-05-26;sábado;18:05:00;SP;116;149.2;SAO JOSE DOS CAMPOS;Velocidade Incompatível;Engavetamento;Com Vítimas Feridas;Plena Noite;Crescente;Céu Claro;Múltipla;Reta;Sim;5;3
136462;2018-05-26;sábado;16:50:00;SP;116;141.2;SAO JOSE DOS CAMPOS;Condutor Dormindo;Capotamento;Com Vítimas Feridas;Pleno dia;Decrescente;Nublado;Dupla;Reta;Não;1;1
136677;2018-05-28;segunda-feira;17:59:00;SP;116;204.0;ARUJA;Falta de Atenção à Condução;Colisão traseira;Com Vítimas Feridas;Plena Noite;Decrescente;Céu Claro;Dupla;Reta;Não;2;2
136817;2018-05-30;quarta-feira;06:40:00;SP;116;148.3;SAO JOSE DOS CAMPOS;Falta de Atenção à Condução;Engavetamento;Com Vítimas Feridas;Pleno dia;Decrescente;Céu Claro;Dupla;Reta;Sim;3;3
136863;2018-05-30;quarta-feira;15:30:00;SP;116;224.0;GUARULHOS;Falta de Atenção à Condução;Colisão lateral;Com Vítimas Feridas;Pleno dia;Crescente;Céu Claro;Múltipla;Reta;Sim;2;2
136986;2018-05-19;sábado;12:07:00;SP;116;218.0;GUARULHOS;Fenômenos da Natureza;Colisão traseira;Com Vítimas Feridas;Pleno dia;Crescente;Chuva;Múltipla;Reta;Sim;2;2
137152;2018-06-01;sexta-feira;08:20:00;SP;116;212.0;GUARULHOS;Avarias e/ou desgaste excessivo no pneu;Tombamento;Com Vítimas Feridas;Pleno dia;Crescente;Céu Claro;Múltipla;Desvio Temporário;Sim;2;1
137295;2018-06-01;sexta-feira;13:45:00;SP;116;146.0;SAO JOSE DOS CAMPOS;Falta de Atenção à Condução;Colisão traseira;Com Vítimas Feridas;Pleno dia;Crescente;Céu Claro;Dupla;Reta;Sim;2;2
137374;2018-06-02;sábado;10:14:00;SP;116;161.8;JACAREI;Não guardar distância de segurança;Colisão traseira;Com Vítimas Feridas;Pleno dia;Crescente;Céu Claro;Dupla;Reta;Não;3;2
137380;2018-06-02;sábado;11:45:00;SP;116;212.6;GUARULHOS;Avarias e/ou desgaste excessivo no pneu;Colisão com objeto estático;Com Vítimas Fatais;Pleno dia;Crescente;Céu Claro;Múltipla;Reta;Sim;9;3
137404;2018-06-02;sábado;13:30:00;SP;116;123.9;CACAPAVA;Avarias e/ou desgaste excessivo no pneu;Queda de ocupante de veículo;Com Vítimas Feridas;Pleno dia;Decrescente;Céu Claro;Dupla;Reta;Não;2;1
137431;2018-06-02;sábado;16:00:00;SP;116;127.0;CACAPAVA;Defeito Mecânico no Veículo;Incêndio;Sem Vítimas;Pleno dia;Crescente;Nublado;Dupla;Reta;Sim;1;1
137484;2018-06-02;sábado;21:30:00;SP;116;226.0;GUARULHOS;Falta de Atenção à Condução;Saída de leito carroçável;Com Vítimas Feridas;Plena Noite;Crescente;Céu Claro;Múltipla;Não Informado;Sim;1;1
137529;2018-06-03;domingo;01:40:00;SP;116;170.7;JACAREI;Falta de Atenção à Condução;Colisão lateral;Com Vítimas Feridas;Plena Noite;Crescente;Céu Claro;Dupla;Reta;Não;3;2
137548;2018-06-03;domingo;04:39:00;SP;116;209.0;GUARULHOS;Falta de Atenção à Condução;Queda de ocupante de veículo;Com Vítimas Feridas;Plena Noite;Crescente;Céu Claro;Dupla;Reta;Sim;1;1