id;data_inversa;dia_semana;horario;uf;br;km;municipio;causa_acidente;tipo_acidente;classificacao_acidente;fase_dia;sentido_via;condicao_metereologica;tipo_pista;tracado_via;uso_solo;pessoas;veiculos
175794;2018-12-04;terça-feira;07:40:00;SP;116;139.2;SAO JOSE DOS CAMPOS;Falta de Atenção à Condução;Tombamento;Com Vítimas Feridas;Pleno dia;Decrescente;Céu Claro;Dupla;Reta;Não;1;1
175819;2018-11-23;sexta-feira;15:12:00;SP;116;147.0;SAO JOSE DOS CAMPOS;Falta de Atenção à Condução;Colisão transversal;Com Vítimas Feridas;Pleno dia;Decrescente;Chuva;Múltipla;Reta;Sim;2;2
175852;2018-12-04;terça-feira;17:00:00;SP;116;157.5;SAO JOSE DOS CAMPOS;Velocidade Incompatível;Engavetamento;Sem Vítimas;Pleno dia;Decrescente;Sol;Dupla;Não Informado;Não;5;3
175899;2018-12-04;terça-feira;21:40:00;SP;116;165.0;JACAREI;Falta de Atenção à Condução;Colisão lateral;Sem Vítimas;Plena Noite;Crescente;Céu Claro;Dupla;Reta;Não;2;2
175905;2018-12-04;terça-feira;21:00:00;SP;116;134.0;CACAPAVA;Falta de Atenção à Condução;Colisão traseira;Com Vítimas Feridas;Plena Noite;Crescente;Céu Claro;Dupla;Reta;Sim;2;2
175937;2018-12-05;quarta-feira;05:40:00;SP;116;226.0;GUARULHOS;Não guardar distância de segurança;Colisão lateral;Com Vítimas Feridas;Amanhecer;Crescente;Ignorado;Múltipla;Reta;Sim;2;2
175958;2018-12-05;quarta-feira;07:45:00;SP;116;219.0;GUARULHOS;Falta de Atenção à Condução;Colisão traseira;Com Vítimas Feridas;Amanhecer;Decrescente;Céu Claro;Múltipla;Reta;Não;1;1
175997;2018-12-05;quarta-feira;12:30:00;SP;116;214.0;GUARULHOS;Defeito Mecânico no Veículo;Tombamento;Com Vítimas Feridas;Pleno dia;Decrescente;Sol;Múltipla;Reta;Sim;1;1
176064;2018-12-05;quarta-feira;18:30:00;SP;116;149.5;SAO JOSE DOS CAMPOS;Não guardar distância de segurança;Colisão transversal;Com Vítimas Feridas;Anoitecer;Decrescente;Céu Claro;Múltipla;Reta;Sim;4;3
176244;2018-12-06;quinta-feira;17:15:00;SP;116;145.3;SAO JOSE DOS CAMPOS;Velocidade Incompatível;Engavetamento;Sem Vítimas;Pleno dia;Decrescente;Céu Claro;Múltipla;Reta;Sim;5;5
176254;2018-12-06;quinta-feira;17:50:00;SP;116;131.1;CACAPAVA;Desobediência às normas de trânsito pelo condutor;Colisão traseira;Com Vítimas Feridas;Pleno dia;Crescente;Céu Claro;Dupla;Reta;Sim;2;2
176347;2018-12-07;sexta-feira;05:50:00;SP;116;228.0;SAO PAULO;Não guardar distância de segurança;Colisão lateral;Com Vítimas Feridas;Amanhecer;Crescente;Nublado;Múltipla;Reta;Não;2;2
176440;2018-12-07;sexta-feira;17:30:00;SP;116;210.0;GUARULHOS;Não guardar distância de segurança;Colisão traseira;Com Vítimas Feridas;Pleno dia;Decrescente;Céu Claro;Simples;Reta;Não;2;1
176532;2018-12-08;sábado;01:40:00;SP;116;227.1;SAO PAULO;Ingestão de Álcool;Colisão traseira;Sem Vítimas;Plena Noite;Crescente;Nublado;Múltipla;Reta;Sim;6;2
176606;2018-11-29;quinta-feira;14:30:00;SP;116;212.0;GUARULHOS;Não guardar distância de segurança;Colisão traseira;Com Vítimas Feridas;Pleno dia;Crescente;Sol;Múltipla;Reta;Sim;2;2
176692;2018-12-08;sábado;19:05:00;SP;116;165.0;JACAREI;Ingestão de Álcool;Colisão traseira;Sem Vítimas;Pleno dia;Decrescente;Céu Claro;Múltipla;Reta;Não;3;2
176717;2018-12-08;sábado;20:22:00;SP;116;228.0;SAO PAULO;Não guardar distância de segurança;Colisão traseira;Com Vítimas Feridas;Plena Noite;Decrescente;Céu Claro;Múltipla;Reta;Sim;3;2
176840;2018-12-09;domingo;05:00:00;SP;116;108.0;TAUBATE;Falta de Atenção à Condução;Tombamento;Com Vítimas Feridas;Amanhecer;Crescente;Nublado;Dupla;Reta;Sim;2;1
176888;2018-12-09;domingo;09:40:00;SP;116;104.8;TAUBATE;Falta de Atenção à Condução;Engavetamento;Com Vítimas Feridas;Pleno dia;Decrescente;Céu Claro;Dupla;Não Informado;Não;6;4
176940;2018-12-09;domingo;16:25:00;SP;116;106.9;TAUBATE;Não guardar distância de segurança;Colisão traseira;Com Vítimas Feridas;Pleno dia;Crescente;Céu Claro;Dupla;Reta;Sim;5;3
177060;2018-12-10;segunda-feira;01:05:00;SP;116;212.0;GUARULHOS;Ingestão de Álcool;Colisão com objeto estático;Sem Vítimas;Plena Noite;Decrescente;Céu Claro;Múltipla;Reta;Sim;1;1
177065;2018-12-10;segunda-feira;01:00:00;SP;116;211.0;GUARULHOS;Agressão Externa;Colisão com objeto estático;Com Vítimas Feridas;Plena Noite;Decrescente;Nublado;Múltipla;Reta;Sim;5;2
177095;2018-12-10;segunda-feira;06:10:00;SP;116;185.0;SANTA ISABEL;Falta de Atenção à Condução;Saída de leito carroçável;Com Vítimas Feridas;Pleno dia;Decrescente;Céu Claro;Dupla;Reta;Sim;5;1
177153;2018-12-10;segunda-feira;13:00:00;SP;116;227.0;SAO PAULO;Defeito Mecânico no Veículo;Queda de ocupante de veículo;Com Vítimas Feridas;Pleno dia;Decrescente;Sol;Simples;Reta;Não;2;1
177206;2018-12-10;segunda-feira;17:30:00;SP;116;224.0;GUARULHOS;Não guardar distância de segurança;Colisão lateral;Com Vítimas Feridas;Pleno dia;Decrescente;Céu Claro;Múltipla;Reta;Sim;3;3
177281;2018-12-10;segunda-feira;23:40:00;SP;116;201.4;ARUJA;Pista Escorregadia;Capotamento;Com Vítimas Feridas;Plena Noite;Decrescente;Céu Claro;Dupla;Curva;Não;1;1
177306;2018-12-11;terça-feira;01:30:00;SP;116;220.0;GUARULHOS;Falta de Atenção à Condução;Colisão traseira;Com Vítimas Feridas;Amanhecer;Decrescente;Nublado;Múltipla;Reta;Sim;2;2
177321;2018-12-11;terça-feira;07:10:00;SP;116;211.3;GUARULHOS;Não guardar distância de segurança;Colisão lateral;Com Vítimas Feridas;Pleno dia;Crescente;Sol;Múltipla;Reta;Não;2;2
177368;2018-12-11;terça-feira;12:00:00;SP;116;222.4;GUARULHOS;Não guardar distância de segurança;Colisão traseira;Com Vítimas Feridas;Pleno dia;Crescente;Céu Claro;Múltipla;Reta;Sim;2;2
177482;2018-12-12;quarta-feira;00:10:00;SP;116;220.0;GUARULHOS;Falta de Atenção à Condução;Tombamento;Com Vítimas Feridas;Plena Noite;Crescente;Céu Claro;Múltipla;Reta;Sim;1;1
177512;2018-12-12;quarta-feira;07:35:00;SP;116;226.3;GUARULHOS;Falta de Atenção à Condução;Colisão lateral;Com Vítimas Feridas;Pleno dia;Crescente;Céu Claro;Múltipla;Reta;Sim;3;3
177535;2018-11-15;quinta-feira;05:30:00;SP;116;206.7;GUARULHOS;Falta de Atenção à Condução;Colisão traseira;Com Vítimas Feridas;Amanhecer;Decrescente;Nublado;Dupla;Reta;Sim;3;2
177645;2018-12-12;quarta-feira;19:30:00;SP;116;209.9;GUARULHOS;Falta de Atenção à Condução;Colisão traseira;Com Vítimas Feridas;Pleno dia;Crescente;Nublado;Dupla;Reta;Sim;2;2
177723;2018-12-13;quinta-feira;04:00:00;SP;116;209.0;GUARULHOS;Defeito Mecânico no Veículo;Tombamento;Com Vítimas Feridas;Amanhecer;Crescente;Céu Claro;Dupla;Reta;Sim;2;1
177847;2018-12-13;quinta-feira;17:20:00;SP;116;228.9;SAO PAULO;Não guardar distância de segurança;Colisão traseira;Com Vítimas Feridas;Pleno dia;Decrescente;Garoa/Chuvisco;Múltipla;Reta;Sim;2;2
177966;2018-12-14;sexta-feira;06:45:00;SP;116;162.0;JACAREI;Pista Escorregadia;Queda de ocupante de veículo;Com Vítimas Feridas;Pleno dia;Crescente;Céu Claro;Simples;Curva;Sim;1;1
177995;2018-12-14;sexta-feira;08:05:00;SP;116;218.0;GUARULHOS;Velocidade Incompatível;Colisão lateral;Com Vítimas Feridas;Pleno dia;Crescente;Céu Claro;Múltipla;Reta;Sim;4;2
178012;2018-12-02;domingo;17:00:00;SP;116;101.5;PINDAMONHANGABA;Condutor Dormindo;Colisão com objeto estático;Com Vítimas Feridas;Pleno dia;Crescente;Céu Claro;Dupla;Reta;Não;2;1
178056;2018-12-14;sexta-feira;13:37:00;SP;116;134.1;CACAPAVA;Não guardar distância de segurança;Engavetamento;Com Vítimas Feridas;Pleno dia;Crescente;Céu Claro;Dupla;Reta;Sim;5;3
178149;2018-12-14;sexta-feira;21:00:00;SP;116;224.0;GUARULHOS;Não guardar distância de segurança;Tombamento;Com Vítimas Feridas;Plena Noite;Decrescente;Céu Claro;Múltipla;Reta;Sim;2;2
178158;2018-12-14;sexta-feira;20:25:00;SP;116;107.7;TAUBATE;Ingestão de Álcool;Colisão traseira;Sem Vítimas;Plena Noite;Crescente;Nublado;Dupla;Reta;Sim;2;2
178208;2018-12-15;sábado;03:20:00;SP;116;217.5;GUARULHOS;Falta de Atenção à Condução;Queda de ocupante de veículo;Com Vítimas Fatais;Plena Noite;Decrescente;Nublado;Múltipla;Não Informado;Sim;2;2
178257;2018-12-15;sábado;08:30:00;SP;116;225.0;GUARULHOS;Defeito Mecânico no Veículo;Colisão com objeto estático;Com Vítimas Feridas;Pleno dia;Decrescente;Sol;Múltipla;Reta;Sim;1;1
178318;2018-12-15;sábado;14:40:00;SP;116;199.5;GUARULHOS;Desobediência às normas de trânsito pelo condutor;Colisão traseira;Com Vítimas Feridas;Pleno dia;Decrescente;Sol;Dupla;Reta;Sim;2;2
178355;2018-12-15;sábado;17:10:00;SP;116;218.2;GUARULHOS;Defeito Mecânico no Veículo;Colisão com objeto em movimento;Com Vítimas Feridas;Pleno dia;Decrescente;Nublado;Múltipla;Reta;Sim;2;1
178379;2018-12-15;sábado;18:40:00;SP;116;219.0;GUARULHOS;Falta de Atenção à Condução;Colisão com objeto estático;Com Vítimas Feridas;Pleno dia;Crescente;Sol;Múltipla;Desvio Temporário;Sim;1;1
178450;2018-12-16;domingo;00:01:00;SP;116;218.5;GUARULHOS;Falta de Atenção à Condução;Colisão com objeto estático;Com Vítimas Feridas;Plena Noite;Crescente;Céu Claro;Múltipla;Reta;Sim;5;4
178504;2018-12-13;quinta-feira;01:20:00;SP;116;109.6;TAUBATE;Falta de Atenção à Condução;Colisão com objeto estático;Com Vítimas Fatais;Plena Noite;Crescente;Céu Claro;Dupla;Reta;Sim;1;1
178579;2018-12-16;domingo;15:00:00;SP;116;104.0;TAUBATE;Não guardar distância de segurança;Colisão traseira;Com Vítimas Feridas;Pleno dia;Crescente;Céu Claro;Dupla;Reta;Sim;4;2
178621;2018-12-16;domingo;18:00:00;SP;116;104.9;TAUBATE;Restrição de Visibilidade;Colisão com objeto em movimento;Com Vítimas Feridas;Pleno dia;Decrescente;Nublado;Dupla;Reta;Não;1;1
178689;2018-12-16;domingo;20:55:00;SP;116;165.0;JACAREI;Ingestão de Álcool;Colisão traseira;Sem Vítimas;Plena Noite;Crescente;Céu Claro;Múltipla;Reta;Não;2;2
178889;2018-12-17;segunda-feira;18:15:00;SP;116;225.0;GUARULHOS;Não guardar distância de segurança;Colisão traseira;Com Vítimas Feridas;Pleno dia;Decrescente;Céu Claro;Múltipla;Não Informado;Sim;3;2
178907;2018-12-17;segunda-feira;18:20:00;SP;116;151.8;SAO JOSE DOS CAMPOS;Falta de Atenção à Condução;Colisão lateral;Com Vítimas Feridas;Pleno dia;Decrescente;Céu Claro;Múltipla;Não Informado;Não;2;2
178940;2018-12-17;segunda-feira;22:30:00;SP;116;146.0;SAO JOSE DOS CAMPOS;Falta de Atenção à Condução;Colisão traseira;Com Vítimas Feridas;Plena Noite;Crescente;Céu Claro;Dupla;Não Informado;Sim;3;3
179099;2018-12-18;terça-feira;18:30:00;SP;116;150.0;SAO JOSE DOS CAMPOS;Ingestão de Álcool;Colisão lateral;Com Vítimas Feridas;Pleno dia;Crescente;Céu Claro;Dupla;Não Informado;Sim;2;2
179135;2018-12-18;terça-feira;23:10:00;SP;116;228.0;SAO PAULO;Velocidade Incompatível;Capotamento;Sem Vítimas;Plena Noite;Crescente;Garoa/Chuvisco;Múltipla;Reta;Sim;1;1
179156;2018-12-19;quarta-feira;02:40:00;SP;116;155.1;SAO JOSE DOS CAMPOS;Ingestão de Álcool;Colisão com objeto estático;Com Vítimas Feridas;Plena Noite;Decrescente;Céu Claro;Múltipla;Não Informado;Não;1;1
179185;2018-12-19;quarta-feira;07:32:00;SP;116;220.3;GUARULHOS;Falta de Atenção à Condução;Colisão lateral;Com Vítimas Feridas;Pleno dia;Decrescente;Céu Claro;Múltipla;Reta;Sim;2;2
179201;2018-12-19;quarta-feira;09:10:00;SP;116;109.0;TAUBATE;Falta de Atenção à Condução;Colisão com objeto estático;Com Vítimas Feridas;Pleno dia;Crescente;Céu Claro;Dupla;Reta;Sim;1;1
179259;2018-12-13;quinta-feira;18:20:00;SP;116;213.0;GUARULHOS;Desobediência às normas de trânsito pelo condutor;Colisão traseira;Com Vítimas Feridas;Pleno dia;Crescente;Garoa/Chuvisco;Múltipla;Reta;Sim;2;2
179352;2018-12-19;quarta-feira;22:40:00;SP;116;189.0;SANTA ISABEL;Restrição de Visibilidade;Capotamento;Com Vítimas Feridas;Plena Noite;Decrescente;Céu Claro;Dupla;Reta;Não;2;1
179398;2018-12-20;quinta-feira;05:55:00;SP;116;220.8;GUARULHOS;Falta de Atenção à Condução;Tombamento;Com Vítimas Feridas;Pleno dia;Crescente;Nublado;Múltipla;Reta;Sim;1;1
179439;2018-10-27;sábado;19:30:00;SP;116;107.7;TAUBATE;Ingestão de Álcool;Colisão traseira;Sem Vítimas;Plena Noite;Crescente;Nublado;Dupla;Reta;Sim;2;2
179499;2018-12-20;quinta-feira;14:45:00;SP;116;157.0;SAO JOSE DOS CAMPOS;Falta de Atenção à Condução;Colisão traseira;Com Vítimas Feridas;Pleno dia;Crescente;Céu Claro;Dupla;Reta;Não;3;2
179508;2018-12-20;quinta-feira;14:25:00;SP;116;214.4;GUARULHOS;Objeto estático sobre o leito carroçável;Colisão traseira;Com Vítimas Feridas;Pleno dia;Crescente;Céu Claro;Dupla;Reta;Sim;3;2
179541;2018-12-20;quinta-feira;17:20:00;SP;116;112.3;TAUBATE;Falta de Atenção à Condução;Colisão lateral;Com Vítimas Feridas;Pleno dia;Decrescente;Céu Claro;Dupla;Não Informado;Sim;2;2
179562;2018-12-20;quinta-feira;16:20:00;SP;116;216.8;GUARULHOS;Falta de Atenção à Condução;Colisão traseira;Com Vítimas Feridas;Pleno dia;Crescente;Sol;Múltipla;Reta;Não;3;2
179571;2018-12-20;quinta-feira;19:20:00;SP;116;152.7;SAO JOSE DOS CAMPOS;Falta de Atenção à Condução;Engavetamento;Com Vítimas Feridas;Anoitecer;Decrescente;Céu Claro;Dupla;Reta;Sim;4;3
179582;2018-12-20;quinta-feira;20:00:00;SP;116;211.0;GUARULHOS;Agressão Externa;Tombamento;Com Vítimas Feridas;Plena Noite;Decrescente;Céu Claro;Múltipla;Reta;Sim;1;1
179629;2018-12-21;sexta-feira;00:45:00;SP;116;207.9;GUARULHOS;Defeito Mecânico no Veículo;Tombamento;Com Vítimas Feridas;Plena Noite;Decrescente;Nublado;Dupla;Reta;Sim;3;2
179640;2018-12-21;sexta-feira;01:30:00;SP;116;213.0;GUARULHOS;Falta de Atenção à Condução;Colisão com objeto estático;Com Vítimas Feridas;Plena Noite;Decrescente;Nublado;Múltipla;Reta;Sim;1;1
179649;2018-12-21;sexta-feira;04:20:00;SP;116;216.0;GUARULHOS;Falta de Atenção do Pedestre;Atropelamento de Pedestre;Com Vítimas Fatais;Plena Noite;Decrescente;Nublado;Múltipla;Reta;Não;2;1
179687;2018-12-21;sexta-feira;08:00:00;SP;116;219.0;GUARULHOS;Falta de Atenção à Condução;Colisão lateral;Com Vítimas Feridas;Pleno dia;Crescente;Nublado;Múltipla;Reta;Sim;2;2
179742;2018-12-21;sexta-feira;12:20:00;SP;116;229.0;SAO PAULO;Desobediência às normas de trânsito pelo condutor;Colisão lateral;Com Vítimas Feridas;Pleno dia;Crescente;Céu Claro;Múltipla;Reta;Sim;2;2
179779;2018-12-21;sexta-feira;15:25:00;SP;116;224.0;GUARULHOS;Falta de Atenção à Condução;Tombamento;Com Vítimas Feridas;Pleno dia;Decrescente;Nublado;Múltipla;Reta;Sim;1;1
179793;2018-12-21;sexta-feira;16:50:00;SP;116;208.0;GUARULHOS;Falta de Atenção do Pedestre;Atropelamento de Pedestre;Com Vítimas Fatais;Pleno dia;Decrescente;Céu Claro;Múltipla;Reta;Sim;2;1
179834;2018-12-21;sexta-feira;18:15:00;SP;116;221.0;GUARULHOS;Desobediência às normas de trânsito pelo condutor;Colisão traseira;Com Vítimas Feridas;Anoitecer;Crescente;Céu Claro;Múltipla;Reta;Sim;1;1
179868;2018-12-21;sexta-feira;21:00:00;SP;116;211.0;GUARULHOS;Ingestão de Álcool;Colisão traseira;Com Vítimas Feridas;Plena Noite;Decrescente;Nublado;Múltipla;Reta;Sim;3;2
179923;2018-12-21;sexta-feira;23:30:00;SP;116;223.0;GUARULHOS;Ingestão de Álcool;Saída de leito carroçável;Com Vítimas Feridas;Plena Noite;Decrescente;Céu Claro;Múltipla;Reta;Sim;4;1
180023;2018-12-22;sábado;09:55:00;SP;116;115.0;TAUBATE;Falta de Atenção à Condução;Colisão traseira;Com Vítimas Feridas;Pleno dia;Decrescente;Céu Claro;Dupla;Reta;Não;2;1
180063;2018-12-22;sábado;13:00:00;SP;116;212.0;GUARULHOS;Falta de Atenção à Condução;Colisão traseira;Com Vítimas Feridas;Pleno dia;Crescente;Céu Claro;Múltipla;Reta;Não;2;2
180086;2018-12-22;sábado;13:10:00;SP;116;211.8;GUARULHOS;Desobediência às normas de trânsito pelo condutor;Capotamento;Com Vítimas Feridas;Pleno dia;Crescente;Céu Claro;Múltipla;Desvio Temporário;Sim;4;2
180132;2018-12-22;sábado;16:00:00;SP;116;220.0;GUARULHOS;Não guardar distância de segurança;Colisão traseira;Com Vítimas Feridas;Pleno dia;Crescente;Sol;Múltipla;Reta;Sim;2;2
180239;2018-12-22;sábado;22:10:00;SP;116;210.2;GUARULHOS;Falta de Atenção à Condução;Colisão traseira;Sem Vítimas;Plena Noite;Decrescente;Nublado;Múltipla;Reta;Não;2;2
180263;2018-12-23;domingo;00:01:00;SP;116;158.8;JACAREI;Falta de Atenção do Pedestre;Atropelamento de Pedestre;Com Vítimas Feridas;Plena Noite;Crescente;Céu Claro;Dupla;Reta;Sim;2;1
180279;2018-12-22;sábado;23:40:00;SP;116;116.5;TAUBATE;Ingestão de Álcool;Colisão traseira;Sem Vítimas;Plena Noite;Decrescente;Nublado;Dupla;Reta;Não;2;2
180455;2018-12-23;domingo;16:40:00;SP;116;108.0;TAUBATE;Falta de Atenção à Condução;Colisão com objeto estático;Com Vítimas Feridas;Pleno dia;Crescente;Céu Claro;Dupla;Reta;Não;3;1
180461;2018-12-23;domingo;16:10:00;SP;116;128.4;CACAPAVA;Agressão Externa;Colisão com objeto estático;Com Vítimas Feridas;Pleno dia;Crescente;Garoa/Chuvisco;Dupla;Reta;Sim;4;1
180580;2018-12-24;segunda-feira;05:40:00;SP;116;219.8;GUARULHOS;Ingestão de Álcool;Colisão traseira;Com Vítimas Feridas;Amanhecer;Crescente;Chuva;Múltipla;Reta;Sim;4;2
180615;2018-12-24;segunda-feira;08:55:00;SP;116;220.0;GUARULHOS;Não guardar distância de segurança;Colisão traseira;Com Vítimas Feridas;Pleno dia;Decrescente;Céu Claro;Múltipla;Reta;Sim;4;4
180662;2018-12-24;segunda-feira;14:00:00;SP;116;212.0;GUARULHOS;Pista Escorregadia;Colisão com objeto estático;Com Vítimas Feridas;Pleno dia;Decrescente;Chuva;Múltipla;Reta;Sim;1;1
180663;2018-12-24;segunda-feira;14:30:00;SP;116;216.0;GUARULHOS;Velocidade Incompatível;Colisão traseira;Com Vítimas Feridas;Pleno dia;Decrescente;Chuva;Múltipla;Reta;Sim;4;2
180670;2018-12-24;segunda-feira;15:20:00;SP;116;112.8;TAUBATE;Falta de Atenção à Condução;Colisão com objeto estático;Com Vítimas Feridas;Pleno dia;Crescente;Garoa/Chuvisco;Dupla;Reta;Sim;4;3
180775;2018-12-25;terça-feira;04:10:00;SP;116;209.0;GUARULHOS;Velocidade Incompatível;Colisão com objeto estático;Sem Vítimas;Amanhecer;Crescente;Nublado;Múltipla;Reta;Sim;1;1
180794;2018-12-25;terça-feira;07:20:00;SP;116;225.0;GUARULHOS;Ingestão de Álcool;Colisão com objeto estático;Com Vítimas Feridas;Pleno dia;Crescente;Nublado;Múltipla;Reta;Não;3;1
180952;2018-12-25;terça-feira;22:35:00;SP;116;223.0;GUARULHOS;Desobediência às normas de trânsito pelo condutor;Colisão traseira;Com Vítimas Feridas;Plena Noite;Crescente;Céu Claro;Múltipla;Reta;Sim;5;2
181152;2018-12-26;quarta-feira;18:00:00;SP;116;101.0;PINDAMONHANGABA;Falta de Atenção à Condução;Colisão traseira;Com Vítimas Feridas;Pleno dia;Crescente;Nublado;Dupla;Reta;Sim;2;2
181220;2018-12-27;quinta-feira;07:35:00;SP;116;144.0;SAO JOSE DOS CAMPOS;Defeito Mecânico no Veículo;Queda de ocupante de veículo;Com Vítimas Feridas;Pleno dia;Decrescente;Céu Claro;Dupla;Reta;Sim;1;1
181296;2018-12-27;quinta-feira;13:57:00;SP;116;214.1;GUARULHOS;Defeito Mecânico no Veículo;Tombamento;Com Vítimas Feridas;Pleno dia;Crescente;Céu Claro;Múltipla;Reta;Sim;4;2
181310;2018-12-27;quinta-feira;15:00:00;SP;116;216.0;GUARULHOS;Ingestão de Álcool;Colisão com objeto estático;Com Vítimas Feridas;Pleno dia;Crescente;Céu Claro;Múltipla;Curva;Sim;1;1
181340;2018-12-27;quinta-feira;18:40:00;SP;116;118.5;TAUBATE;Falta de Atenção à Condução;Engavetamento;Com Vítimas Feridas;Pleno dia;Decrescente;Chuva;Dupla;Reta;Não;5;4
181516;2018-12-28;sexta-feira;14:30:00;SP;116;156.0;SAO JOSE DOS CAMPOS;Falta de Atenção à Condução;Colisão traseira;Com Vítimas Feridas;Pleno dia;Decrescente;Céu Claro;Simples;Reta;Não;1;1
181651;2018-12-29;sábado;05:23:00;SP;116;227.0;GUARULHOS;Falta de Atenção à Condução;Colisão traseira;Com Vítimas Feridas;Amanhecer;Decrescente;Céu Claro;Múltipla;Reta;Sim;3;2
181843;2018-12-29;sábado;23:15:00;SP;116;225.0;GUARULHOS;Ingestão de álcool e/ou substâncias psicoativas pelo pedestre;Colisão com objeto estático;Com Vítimas Feridas;Plena Noite;Decrescente;Céu Claro;Múltipla;Curva;Sim;1;1
181884;2018-12-30;domingo;05:43:00;SP;116;116.1;TAUBATE;Animais na Pista;Atropelamento de Animal;Com Vítimas Feridas;Amanhecer;Crescente;Nublado;Dupla;Reta;Não;6;1
181888;2018-12-30;domingo;06:55:00;SP;116;143.6;SAO JOSE DOS CAMPOS;Condutor Dormindo;Colisão lateral;Com Vítimas Feridas;Pleno dia;Decrescente;Céu Claro;Dupla;Reta;Sim;3;2
182070;2018-12-31;segunda-feira;03:42:00;SP;116;216.3;GUARULHOS;Desobediência às normas de trânsito pelo pedestre;Atropelamento de Pedestre;Com Vítimas Fatais;Plena Noite;Crescente;Céu Claro;Múltipla;Desvio Temporário;Sim;2;1
182131;2018-12-31;segunda-feira;14:50:00;SP;116;120.0;CACAPAVA;Defeito Mecânico no Veículo;Queda de ocupante de veículo;Com Vítimas Feridas;Pleno dia;Decrescente;Sol;Dupla;Reta;Não;2;1
185518;2018-12-15;sábado;15:30:00;SP;116;203.0;ARUJA;Falta de Atenção à Condução;Colisão com objeto estático;Sem Vítimas;Pleno dia;Crescente;Nublado;Dupla;Reta;Sim;5;1
186765;2018-10-25;quinta-feira;19:35:00;SP;116;150.2;SAO JOSE DOS CAMPOS;Não guardar distância de segurança;Engavetamento;Com Vítimas Feridas;Plena Noite;Decrescente;Garoa/Chuvisco;Múltipla;Não Informado;Sim;5;4
187519;2018-12-30;domingo;01:25:00;SP;116;217.0;GUARULHOS;Ingestão de Álcool;Saída de leito carroçável;Com Vítimas Feridas;Plena Noite;Decrescente;Céu Claro;Múltipla;Não Informado;Sim;2;1
190712;2018-12-09;domingo;18:35:00;SP;116;200.0;ARUJA;Ingestão de álcool e/ou substâncias psicoativas pelo pedestre;Colisão lateral;Com Vítimas Feridas;Anoitecer;Crescente;Céu Claro;Dupla;Reta;Sim;6;3
192870;2018-12-24;segunda-feira;15:50:00;SP;116;219.0;GUARULHOS;Não guardar distância de segurança;Engavetamento;Sem Vítimas;Pleno dia;Decrescente;Chuva;Múltipla;Reta;Sim;6;6
199871;2018-07-18;quarta-feira;13:45:00;SP;116;179.4;GUARAREMA;Falta de Atenção à Condução;Tombamento;Com Vítimas Feridas;Pleno dia;Decrescente;Céu Claro;Simples;Reta;Sim;1;1
201251;2018-12-21;sexta-feira;13:10:00;SP;116;110.0;TAUBATE;Desobediência às normas de trânsito pelo condutor;Colisão lateral;Com Vítimas Feridas;Pleno dia;Decrescente;Céu Claro;Dupla;Reta;Sim;2;2
210688;2018-07-11;quarta-feira;07:00:00;SP;116;153.7;SAO JOSE DOS CAMPOS;Pista Escorregadia;Queda de ocupante de veículo;Com Vítimas Feridas;Pleno dia;Decrescente;Nublado;Dupla;Curva;Sim;1;1
229020;2018-04-01;domingo;18:35:00;SP;116;112.8;TAUBATE;Defeito Mecânico no Veículo;Colisão traseira;Com Vítimas Feridas;Anoitecer;Crescente;Nublado;Dupla;Reta;Sim;4;3
322596;2018-12-10;segunda-feira;09:04:00;SP;116;227.0;GUARULHOS;Não guardar distância de segurança;Colisão traseira;Com Vítimas Feridas;Pleno dia;Decrescente;Céu Claro;Múltipla;Não Informado;Não;2;2